title,des,url,index
#68 科技丨为什么以色列没有996,"上线这期节目的时间还蛮凑巧，正好是犹太新年 Rosh Hashanah。
不过这期节目和新年无关，而是和以色列创新有关。以色列是个小国，资源并不丰富，却产生了很多高科技创业公司，也是蛮神奇的。
在这期节目中，和我聊天的嘉宾是李莎莎（Sally）。她是我认识了十多年的好友，在两年前被派到以色列，负责和孵化器有关的工作，因此和很多以色列创业公司打交道。目前，她在一家以色列创业公司工作。
在这次音频中，你能发现以色列创业文化盛行，一部分和犹太文化有关，也和国家制度，创新鼓励有关。但也正是文化和时不时的战争威胁，以色列的创业公司大多小而精巧，并追求快速退出。这和中国以及硅谷的创业文化和理念还蛮不一样的。
Enjoy！
相关信息
* Chutzpah，虎刺怕，是意地绪语（东欧犹太人曾广泛使用的一种语言）包括多种涵义：胆大妄为、鲁莽无畏、死皮赖脸、不达目的誓不罢休等。Chutzpah（虎刺怕）精神最杰出的代表恐怕算是以色列的祖先雅各了，他为了得到上帝的祝福竟与神的使者摔跤且获了胜，因而被改名以色列（以色列的意思就是与神摔跤的意思，圣经创世纪第32章）。
* 过去一期和以色列有关的节目：声东击西: #52 行走丨一场旅行带来的天翻地覆（上） (https://www.etw.fm/how-travel-changes-your-perspective-and-help-you-grow1)
* Good Schools Aren’t the Secret to Israel’s High-Tech Boom - WSJ (https://www.wsj.com/articles/good-schools-arent-the-secret-to-israels-high-tech-boom-1490051053)
* 活在以色列，唯有首先相信丨纽约时报中文网 (https://cn.nytimes.com/education/20130629/cc29israel/)
* How an Israeli Tech Startup Changed the NBA- WSJ (https://www.wsj.com/articles/the-israeli-tech-startup-that-changed-the-nba-1510068323)
* The Weapon Wizards: How Israel Became a High-Tech Military Superpower  by  Yaakov Katz, Amir Bohbot 丨 Books (https://www.amazon.com/Weapon-Wizards-High-Tech-Military-Superpower/dp/125008833X/ref=sr_1_1?ie=UTF8&amp;qid=1536606664&amp;sr=8-1&amp;keywords=the+weapon+wizards) Special Guest: 李莎莎（Sally）.
",https://aphid.fireside.fm/d/1437767933/8dd8a56f-9636-415a-8c00-f9ca6778e511/9c90dcde-afac-4358-9704-77bc5422b145.mp3,1
#67 这个犹太老人为什么要帮华裔诉哈佛,"（曹越对本音频剪辑亦有贡献）
华裔，或者说亚裔，是否在美国大学入学中受到了歧视？
数据和证据正在浮出水面，而这都是由于一个犹太裔老头 Edward Blum (https://en.wikipedia.org/wiki/Edward_Blum_(litigant)) 的努力。他2014年开始起诉哈佛 (http://samv91khoyt2i553a2t1s05i-wpengine.netdna-ssl.com/wp-content/uploads/2014/11/SFFA-v.-Harvard-Complaint.pdf)，在这过程中，哈佛不得不披露一些证据；而就在这两天，美国司法部也公布调查结果，称哈佛在招生中使用“个人评级”，损害了亚裔美国人相较其他种族群体的入学机会 (http://www.ftchinese.com/story/001079212?full=y)。
一个月后，波士顿联邦法院将会开庭审理这场诉哈佛的案件，而这多少会影响到亚裔未来大学升学机会。
这场诉讼来龙去脉究竟如何？这个犹太人又为何会积极组织这场诉讼？对亚裔不利的大学入学政策又有什么原因？
这次和我们一起讨论这一话题的是王子元，硅谷连续创业者，同时也是此次诉讼的积极关注者。
当然，如果听完之后觉得想要为之做些什么，相关捐款地址在这里 (https://studentsforfairadmissions.org/donate/) ，也欢迎讨论。
Enjoy！
相关信息
1. Edward Blum的相关信息：He Took On the Voting Rights Act and Won. Now He’s Taking On Harvard. - The New York Times (https://www.nytimes.com/2017/11/19/us/affirmative-action-lawsuits.html)
2. SFFA  网站 Legal Issues | Students for Fair Admissions (https://studentsforfairadmissions.org/legal-issues/)，以及捐款地址 (https://studentsforfairadmissions.org/donate/)
3. SFFA作为原告的诉状 (http://samv91khoyt2i553a2t1s05i-wpengine.netdna-ssl.com/wp-content/uploads/2014/11/SFFA-v.-Harvard-Complaint.pdf)
4. 提及 mismatch 理论的两篇文章 Is Affirmative Action Harming Minority Groups More Than It Helps? - The Atlantic (https://www.theatlantic.com/notes/2015/12/is-affirmative-action-harming-minority-groups-more-than-it-helps/420429/), Justice Scalia and ‘Mismatch Theory’ in University Admissions - The Atlantic (https://www.theatlantic.com/politics/archive/2015/12/the-needlessly-polarized-mismatch-theory-debate/420321/).
5. 平权运动下，亚裔美国人的挣扎与分裂丨纽约时报 (https://cn.nytimes.com/education/20180620/affirmative-action-asian-americans/)
6.  报告指哈佛大学给亚裔申请者性格打低分丨纽约时报 (https://cn.nytimes.com/usa/20180619/harvard-asian-enrollment-applicants/)
7.  美國大學為何不能接受更多亞裔學生丨纽约时报 (https://cn.nytimes.com/opinion/20170203/white-students-unfair-advantage-in-admissions/zh-hant/)
8.  访谈中提到的一个 Podcast host 对 Edward Blum 的采访 (https://itunes.apple.com/us/podcast/reveal/id886009669?mt=2&amp;i=1000393398094)
9.  纽约时报 podcast The Daily 相关的一期节目 (https://itunes.apple.com/us/podcast/the-daily/id1200361736?mt=2&amp;i=1000390657828)
10.  关于平权法案和费雪案一个法律解读：“平权法案”(Affirmative Action)与费雪案：什么是真正的公平 (https://zhuanlan.zhihu.com/p/21495846) Special Guest: 王子元.
",https://aphid.fireside.fm/d/1437767933/8dd8a56f-9636-415a-8c00-f9ca6778e511/3ee17bd8-c975-4d4a-9fa1-a0621a39ae01.mp3,2
#66 MET00在中国,"可能看到这个题目，你们大概知道这一期的聊天主题了。
去年以来对哈维·韦恩斯坦的性骚扰与性侵犯指控受到全世界关注，但当时中国显得格外安静。如今这一刻的发生，不仅需要当事人的勇气，更需要社会舆论的有形和无形的支持，以及对于这一问题的基本共识。中国的“我也是”运动是今年早些时候在大学校园里开始的，此后十多位女性对著名记者、知识分子和公益领袖提出了性侵和性骚扰指控，开始像一场运动了。
MeToo 为什么现在爆发？未来又会如何？
",https://aphid.fireside.fm/d/1437767933/8dd8a56f-9636-415a-8c00-f9ca6778e511/b57ebd4d-31e9-409a-8f1b-a900a23c238b.mp3,3
#65 一家疫苗公司的造假风波，怎样瓦解了我们对国产疫苗的信任？,"（曹越亦对本音频的剪辑有贡献）
长春长生疫苗引发的一系列丑闻已有半月，所引发的愤怒和焦虑，似已被别的热点所掩盖。
但，是否不打疫苗就躲过了风险；疫苗接种率的高低对一个社群究竟意味着什么；整个医疗卫生制度是否在这些事故后有所改进……这些都不应该被忽视或者忘记，而应该被接着讨论。
我们本期请到了徐卓君。她在中国做了十年的健康医疗报道，现工作于丁香园，依然关注公共卫生领域话题，并因此也在打理一个很棒的公众号“偶尔治愈”。此前，她在《南方都市报》工作。她也是个潜水爱好者。
Enjoy！
相关信息
1. 一家疫苗公司的生产造假风波，是怎样瓦解了我们对国产疫苗的信任？ (https://mp.weixin.qq.com/s/2J3Ls5UKVy108ffP2Xek6Q)
2. 群体免疫，是指人或动物群体中的很大一部分因接种疫苗而获得免疫力，使得其他没有免疫力的个体因此受到保护而不被传染。
3. 《勾勒姆医生：作为医学的科学与作为救助手段的医学》 (https://book.douban.com/subject/4715529/)
4. 《他们应当行走：美国往事之小儿麻痹症》 (https://book.douban.com/subject/26581915/)
5. 《免疫：接种》(On Immunity: An Inoculation) ,欧拉·比斯(Eula Biss)著 (https://book.douban.com/subject/26842454/)
6. 《埃博拉浩劫》,理查德·普雷斯顿(Richard Preston)著 (https://book.douban.com/subject/26364730/)
7. 谁来监管监管者丨纽约时报 (https://cn.nytimes.com/opinion/20130322/cc22wangqiang/)
8.  强生婴儿爽生粉陷致癌风波 (https://cn.nytstyle.com/health/20160524/t24well-babypowder/)
 Special Guest: 徐卓君.
",https://aphid.fireside.fm/d/1437767933/8dd8a56f-9636-415a-8c00-f9ca6778e511/4cc3db7c-1d04-43f1-94db-fdaf0a7414b7.mp3,4
#64 你不了解的那段硅谷源头，藏在旧金山这家地标书店中,"提到硅谷，你会想到哪些关键词？
是不是“科技”、“创新”、“风险投资”？
但这期节目中，我们说，硅谷和下面这些关键词紧密相连：反叛、反主流文化、垮掉的一代、LSD……
我们从聊旧金山城市之书店开始，它的历史和旧金山以及硅谷的文化紧密相连。你了解了这个书店的历史，多少也就了解了旧金山为什么会成为旧金山，以及硅谷为什么会成为硅谷。
嘉宾是我们的老朋友李蓉慧，她在前不久采访了城市之光书店的管理者 Paul Yamazaki。其中聊到的很多故事都很有趣。
忍不住还想引用艾萨克森所著的《乔布斯传》中的一段，因为这是那段历史的浓缩，并也给出了一些线索——这段历史如何深刻地影响了硅谷。
”20世纪60年代末，各种文化潮流在旧金山和硅谷交汇。技术革命伴随着军事承包商的增加而兴起，并迅速扩展到电子公司、微芯片制造商、视频游戏软件设计师和计算机公司。这里出现了黑客的亚文化群，包括那些不愿遵照惠普模式行事的工程师和他们不合群的孩子们。这里有准学术性的团体在研究迷幻药的效果，参与者包括道格·恩格尔巴特（DougEngelbart），他后来参与发明了电脑鼠标以及图形用户界面；还有肯·凯西，他为了歌颂毒品举行了一场声光盛宴，请来了一支乐队表演，而这支乐队就是后来的“感恩而死”（GratefulDead）。在这里，湾区垮掉的一代发起了嬉皮士运动，伯克利的言论自由运动诞生了一批叛逆的政治活跃分子。在这背景下，一系列实现自我、追求心灵启迪的行为风靡一时——禅宗和印度教，冥想和瑜伽，原始尖叫和感觉剥夺，伊莎兰治疗法[1]和埃哈德研讨训练。
嬉皮士信仰与计算机力量的交融，思想与科技的结合，都在史蒂夫·乔布斯的身上得到了体现。“
Enjoy！
相关信息
1. 城市之光书店 (http://www.citylights.com/)，位于旧金山中国城和小意大利（北滩，North Beach）的独立书店，于1953年由 Lawrence Ferlinghetti 和 Peter D. Martin 成立。Martin 于1955年离开；
2. LSD，一种致幻剂；
3. 艾伦·金斯堡 (https://zh.wikipedia.org/wiki/%E8%89%BE%E4%BC%A6%C2%B7%E9%87%91%E6%96%AF%E5%A0%A1)（ Allen Ginsberg），美国诗人，垮掉的一代代表人物，代表作为《嚎叫》（Howl）；
4.  Nancy Peters，现在城市之光书店的所有者之一，曾在国会图书馆工作；
5.  垮掉的一代 (https://zh.wikipedia.org/wiki/%E5%9E%AE%E6%8E%89%E7%9A%84%E4%B8%80%E4%BB%A3)（Beat Generation），美国二战后兴起的自由主义运动，反对主流价值观，反对物质主义，追求个性解放；
6.  反主流文化对硅谷文化影响有详细论述的一本书 From Counterculture to Cyberculture（数字乌托邦），由斯坦福大学教授 Fred Turner 所著；
 Special Guest: 李蓉慧.
",https://aphid.fireside.fm/d/1437767933/8dd8a56f-9636-415a-8c00-f9ca6778e511/66aaa3a6-703d-419b-bce9-526124bb47ea.mp3,5
#63 商业丨中国比美国更创新吗？,"中国和美国的比较成为了常态。不单单是往来中美的人习惯进行这样的对比，还有越来越多新一代外国人愿意到中国工作和生活，体会这个世界上最活跃的移动互联网国家正在发生的一切。与此同时，一种观点认为，中美贸易战背后的深层原因，正在中国和美国在创新上的未来较量。我们就自身的经历，以创新的比较延续了对贸易战的观察，也欢迎你多和我们分享对中美之间比较的故事。
相关链接：
这张表格让你看到为何中国在主导金融科技的发展 (https://www.cnbc.com/2018/06/08/this-chart-shows-how-china-is-dominating-fintech.html)？
",https://aphid.fireside.fm/d/1437767933/8dd8a56f-9636-415a-8c00-f9ca6778e511/3381fdff-b898-4d90-ab03-4ad92818fe6c.mp3,6
#62 商业丨中美贸易战不打了，还是想聊聊我们的观察,"过去几个月的贸易战可能是这个时代最大的一则新闻。小到我们能不能吃到樱桃，大到进口车关税和更长久的经济往来，都与此相关。这期节目录制好的第二天，两国都表现出愿意做出让步，以缓和贸易紧张关系。这个过程当然不都是愉快的讨论，但有一点无可否认，中美两国的关系肯定是这个时代最重要的经济关系，每年有超过7000亿美元的商品和服务贸易往来，与此相伴的，更是错综复杂网状的全球贸易流转。
如果有你有意思的观察和评论，也欢迎来信给我们，或者加入我们的telegram听众群 (https://t.me/joinchat/INAv702i_mckmPkVnfPMOA)跟大家讨论。
周末愉快！
补充信息和相关链接
1. 《纽约时报》关于福耀玻璃在美国的报道 (https://cn.nytimes.com/business/20171110/china-auto-ohio-union/)
2.  徐涛：《跨国公司回归美国制造》 (http://www.yicai.com/news/2175861.html)（2012）
",https://aphid.fireside.fm/d/1437767933/8dd8a56f-9636-415a-8c00-f9ca6778e511/ba9d8f5e-02e1-491d-9666-834643f7b150.mp3,7
#61 文化丨美国人为什么迷上了看亚洲剧,"这一期我们请来的嘉宾是刘晓畅，大家叫她Chary。她是中国人，但在一家韩国人创立的视频网站Dramafever工作，内容面对的又是美国人。非常地跨文化。但最有意思的是，她的工作就是每天看电视剧，是不是很让人嫉妒。
这些电视剧还不是美剧，而是韩剧、日剧以及《锦绣未央》、《三生三世十里桃花》这样的中国大陆剧，这些剧吸引的人群9成以上都是非亚裔。这简直是最「声东击西」的故事了。我们和她聊了聊引进这些剧背后的花絮，如何把它推荐给美国的观众们，以及YouTube上那么多大陆剧到底都是哪儿来的。我们还聊起了抖音，以及中国公司如今的国际化为什么很有机会。
Enjoy!
相关链接：
1. 播放亚洲剧的视频网站 Dramafever (https://en.wikipedia.org/wiki/DramaFever) 
2. 如何在YouTube上看大陆剧 (https://www.youtube.com/channel/UCAqDX_XjLlvhjY0eDqHpVQw)？
3. 如果想正儿八经地了解下这背后的生意，可以看看《第一财经周刊》上曾经发表过的这篇报道 (http://www.yicai.com/news/4576222.html) 
",https://aphid.fireside.fm/d/1437767933/8dd8a56f-9636-415a-8c00-f9ca6778e511/845aad7f-ebf2-4c37-a7fb-855d354c2b94.mp3,8
#60 行走丨即使是小白，也可以骑着单车去旅行,"之前节目中我们聊到过，骑单车是很好的探索城市的方法：不太慢，也不太快，还可以随时停下来。
这期节目中的嘉宾沈思（小毛），就是一个骑着自行车带着水彩颜料去旅行的姑娘。在几年前,她独自一人完成骑自行车环台湾岛旅行；之后这几年，她也尝试着带队去日本岛波海道，边骑行边画画。她会觉得在这样快节奏的世界中，无论是单车骑行还是停下来画画，都是一种难得的和各种景色进行更长时间对话的机会。
小毛的手绘日记 https://uploads.fireside.fm/images/8/8dd8a56f-9636-415a-8c00-f9ca6778e511/AuDAQ8k0.jpg
本期开头也提到了一封听众来信，听众Jessie是听完美国铁路槽点不少，但故事更多 (http://www.etw.fm/take-the-train-across-the-united-states)这一集后，想要告诉大家美国圣地亚哥Old Town有个很不错的火车博物馆。这个博物馆的地址在这里：https://www.oldtowntrains.com/
也欢迎更多听众和我们分享。
Enjoy！
相关信息
- 沈思台湾环岛骑行之后出版的书《两个轮子一个岛》 (https://book.douban.com/subject/25901913/)
- 岛波海道 (http://www.go-shimanami.jp/global/zh_cn/bicycle/)，日本唯一可以骑车和徒步横跨濑户内海的道路。全长70公里。
- Treep旅行 (https://mp.weixin.qq.com/s/2aZnqo64Ff2QV7dHxRhVeA)，节目中提到的旅行创业公司
节目中的配乐
- Acoustic Friends Track 1-“Hi-D” by DEPAPEPE
- 夏目友人帳-初夏の章 in 夏の午後
 Special Guest: 沈思.
",https://aphid.fireside.fm/d/1437767933/8dd8a56f-9636-415a-8c00-f9ca6778e511/9fc3c877-6392-44fc-a95c-2818f245fc8e.mp3,9
#59 成长丨被拒绝也能当网红？也许是因为他从中发现的秘密,"每个人生活中都会遇到很多次拒绝，这些拒绝让人难过甚至痛苦。但我们这次请到的嘉宾却主动去寻找""被据""。
这位嘉宾是蒋甲, 由于 ""被拒"" 这个话题, 他在美国已是一名网红, 还在 TED 上做过相关演讲. 我们这次就来听一下他故意寻求被拒绝的经历, 以及他在这个过程中发现的一些秘密.
一些他提到的tips:
1. 不要害怕被拒绝的感受,也不要反刍这种感受,要行动起来;
2. 被拒绝的那一瞬间不要逃跑,可以问问别人为什么拒绝你,或者试着聊聊天,讨价还价一下.
3. 将被拒绝作为一个trigger.例如在找投资时,一旦被一个投资人拒绝,迅速再找两个其他的投资人.
Enjoy!
相关链接
1. 蒋甲在TED上的演讲 What I learned from 100 days of rejection  (https://www.ted.com/talks/jia_jiang_what_i_learned_from_100_days_of_rejection/up-next)
节目中提到的关于坚毅力的那本书 Grit: The Power of Passion and Perseverance (https://www.amazon.com/dp/B010MH9V3W/ref=dp-kindle-redirect?_encoding=UTF8&amp;btkr=1) by Angela Duckworth 
3.节目中提到的关于成长思维的书 Mindset: The New Psychology of Success (https://www.amazon.com/dp/B000FCKPHG/ref=dp-kindle-redirect?_encoding=UTF8&amp;btkr=1) by Carol S. Dweck 
你在这里可以看到他的被拒绝 (https://www.youtube.com/user/DukieAjah/videos)视频 Special Guest: 蒋甲.
",https://aphid.fireside.fm/d/1437767933/8dd8a56f-9636-415a-8c00-f9ca6778e511/737692e8-8c14-4a06-891f-4d560d4fc372.mp3,10
#58 行走丨美国铁路槽点不少，但故事更多,"历史学家托尼·朱特（Tony Judt）在《事实改变之后》当中《铁路的荣光》这个章节写道，「铁路诞生前后人们观看世界的方式发生了转变：1830年之前，人们很少知道外面的世界什么样子。火车和铁路是人类对空间的征服。对空间的征服又导致了对时间的重组。」但事实上，美国国家铁路客运公司（Amtrak）的前董事杜卡基斯（Mike Dukakis）很无奈，「如果你坐过日本的火车，再来看看美国的火车，你会哭的。」
三年多以前，记者杨潇在美国搭乘长途列车，从芝加哥前往旧金山，自东向西穿越六个州，行驶3924公里，全程五十多小时。我们聊了聊美国铁路的荣光时刻、铁路的诞生和对人类社会的影响，以及他的一些其它旅行经历。如果你有有趣的火车旅行经历想分享，欢迎邮件我们etwstudio@gmail.com 或在微博上留言给我们，@声东击西ETW 
Enjoy!
相关链接：
1. 芝加哥到旧金山的观光火车「微风号」 (https://www.amtrak.com/california-zephyr-train)
2. 《国家地理》记者徒步八年走的智者之路见闻博客 (http://learn.outofedenwalk.com/)
3. 《不顾诸神：现代印度的奇怪崛起》 (https://book.douban.com/subject/2301436/)
4. 《拥抱战败：第二次世界大战后的日本》 (https://book.douban.com/subject/26418529/)
5. 杨潇为正午写的文章《坐火车横越美国》 (https://mp.weixin.qq.com/s/xGXz8FHVyRpgRxoMVBETfA)
6. 托尼·朱特《事实改变之后》 (https://book.douban.com/subject/27008294/)当中的章节《铁路的荣光》 
7. 托尼·朱特《战后欧洲史》 (https://book.douban.com/subject/25909032/)
8. 托尼·朱特《沉疴遍地》 (https://book.douban.com/subject/26443813/)
9. foamer：对「铁路迷」 (https://www.urbandictionary.com/define.php?term=Foamer)的另一个称呼。
10. 《哈泼斯》（Harper’s）杂志关于美国铁路杂志封面故事 (https://archive.harpers.org/2014/07/pdf/HarpersMagazine-2014-07-0085001.pdf?AWSAccessKeyId=AKIAJUM7PFZHQ4PMJ4LA&amp;Expires=1524364051&amp;Signature=UEPsGOpM7kAbodpNUBb%2B1tV3sjo%3D)
 Special Guest: 杨潇.
",https://aphid.fireside.fm/d/1437767933/8dd8a56f-9636-415a-8c00-f9ca6778e511/a056b6d8-3ec3-4742-aa36-8be6a1401488.mp3,11
#57 美剧丨《西部世界》主题公园在此，有没有血腥和色情,"还有几天，HBO的美剧《西部世界》第二季就要开播了。
而我们这次请到的嘉宾杜晨，则超级幸运地真的去了一趟《西部世界》主题公园。这个主题公园是 HBO 在西南偏南（SXSW）展会期间搭建起来的，有酒馆有妓院，有枪战有抢劫。
同样在西南偏南上，一起乱入进“西部世界”的，居然还有马斯克。对，就是特斯拉和SpaceX 的创始人马斯克！
那我们就通过杜晨的讲述，来听一下这个主题公园中究竟有什么，是否也有暴力和色情。当然我们最后也跑题了一下，讨论了我们为什么那么喜欢《西部世界》。
如果你们对这个主题公园有问题要问或者有评论，或对《西部世界》这部美剧有什么想说的，请务必告诉我们。
嘉宾：
杜晨，Pingwest旗下媒体“硅星人”内容负责人，驻硅谷科技记者。
提及名词：
西南偏南，South by Southwest,简称 SXSW, 每年在美国德克萨斯州奥斯汀举行的一系列电影、互动、音乐、科技的盛会
乔纳森·诺兰，Jonathan Nolan，《西部世界》的导演及编剧。著名导演克里斯托弗·诺兰的弟弟
伊隆·马斯克，Elon Musk，连续创业者，特斯拉和SpaceX的创始人和CEO Special Guest: 杜晨.
",https://aphid.fireside.fm/d/1437767933/8dd8a56f-9636-415a-8c00-f9ca6778e511/8bba6e5b-975e-4784-8274-5a8e2f420908.mp3,12
#56 电影丨除了彩蛋，《头号玩家》还有这些幕后故事,"如果光聊《头号玩家》的那些彩蛋，那也实在太单薄了一点。
这部电影由小说《Ready Player One》改编。这才是我感兴趣的，这部小说本身就和一些硅谷故事纠缠在一起。
本期嘉宾王子元，以及我，都在之前看过这部小说。某种程度上，我们也见证了一丢丢这部小说和硅谷文化纠缠在一起的现象；我们还近距离观察到，在这部电影公映的时间点，其实一些和科技相关的文化和观念正在发生一些“反转”。
所以这期节目里，你能听到一些八卦，一些吐槽，还有我们观察的那些奇怪的科技文化现象。彩蛋让你怀旧，但我们聊的这些信息可不仅仅是怀旧啦。
嘉宾：
王子元，硅谷连续创业者，VR 初创公司 Gala360 创始人。
提及人名：
Marc Andreessen，硅谷著名创业者和风险投资人。浏览器公司网景和著名风险投资公司 Andreessen horowitz 的创始人。
Peter Thiel，硅谷著名创业者和风险投资人。Paypal 联合创始人，Facebook 等诸多著名公司的早期投资人，也是硅谷为数不多支持特朗普的意见领袖。
Ernest Cline，小说《头号玩家》的作者。
约翰·卡马克（John D. Carmack)，游戏界大神级的存在，id Software 创始人之一，开源软件的倡导者。现在为虚拟现实初创公司 Oculus 的首席技术官。
Plamer Luckey，Oculus 创始人，并在2014年将公司以 20 亿美元价格卖给了 Facebook。他也已于 2017 年离开 Facebook。
 Special Guest: 王子元.
",https://aphid.fireside.fm/d/1437767933/8dd8a56f-9636-415a-8c00-f9ca6778e511/3eed78b5-0230-47f9-bd82-6489ebd8fb07.mp3,13
#55 电影丨和《水形物语》导演面对面，以及《The Post》和媒体业那些事儿,"去年为《时尚先生》（Esquire China）做访谈的时候，并不知道墨西哥导演吉尔摩·德尔·托罗可以借这部奇幻的《水形物语》（The Shape of Water）走这么远，先后拿到了2018年的金球奖和奥斯卡奖最佳导演。这可能也是我在2017年做的最愉快的一次访谈，他异于常人的表达和毫无边界的想象力，帮我打开了另一个世界，丰富了我对于电影的理解。这也是目前中文媒体对他进行的唯一的面对面采访，文章刊发在2018年《时尚先生》2月刊。这部电影也终于在2018年3月16日在中国大陆上映了，我们借此把之前做客友台《文化土豆》的节目分享给大家，也希望大家有机会可以去电影院看这部影片。
节目中聊到的作品信息：
电影 The Shape of Water《水形物语》
豆瓣：https://movie.douban.com/subject/26752852/
电影 Hell Boy《地狱男孩》
豆瓣：https://movie.douban.com/subject/1308851/
电影 Pan’s Labyrinth 《潘神的迷宫》
爱奇艺免费：www.iqiyi.com/v_19rrk2nwjc.html
电影 The Post 《邮报》
豆瓣：https://movie.douban.com/subject/26990609/
电影 All The President’s Men 《总统班底》
优酷VIP：v.youku.com/vshow/idXMjcyNzAyNTg4.html
电影 Mark Felt: The Man Who Brought Down the White House 《马克·费尔特：扳倒白宫之人》
豆瓣：https://movie.douban.com/subject/26657525/
新闻人的八卦书单
凯瑟琳·格雷厄姆的自传《个人历史》
豆瓣：https://book.douban.com/subject/4894612/
本·布莱德利的《最危险的总编辑》/A Good Life
豆瓣：https://book.douban.com/subject/1852500/
Tina Brown 的 The Vanity Fair Diaries
亚马逊：https://www.amazon.com/dp/B06XC4WCJT
盖伊·特立斯/Gay Talese 的《王国与权力》/ The Kingdom and The Power
豆瓣：https://book.douban.com/subject/26832725/
马克·列伊博维奇/Mark Leibovich 的《真实的纸牌屋》/This Town
https://book.douban.com/subject/26378392/
Harold Evans 的 My Paper Chase
亚马逊：https://www.amazon.cn/dp/B002TZ3CE0/
Diana Vreeland 的 D.V.
亚马逊：https://www.amazon.cn/dp/006202440X
这期节目的 intro/outro 音乐都是坂本龙一 andata - Electric Youth Remix
播放: https://music.163.com/#/song?id=512866910
反馈邮箱 zyifan@me.com etwstudio@gmail.com
文化土豆的官网 www.culturepotato.com
声东击西的官网 www.etw.fm
 Special Guest: 益康糯米.
",https://aphid.fireside.fm/d/1437767933/8dd8a56f-9636-415a-8c00-f9ca6778e511/29b61ce1-610d-48ac-b28c-93b16ad22713.mp3,14
#54 创意丨时尚界从来都没有那么神秘,"时装周渐渐进入尾声了。听过这期之后，你会对时尚业多一点了解，它其实从来没那么神秘。在和Yvonne对谈的这期节目中你将听到，
时尚界为何对波点百用不厌？
Supreme如何把脏乱差的街区变成了时尚潮人聚集地？
「你现在追随的潮流，我20年前已经玩过。」这句老话依然应验。
Gucci为什么成了潮人追逐的新品牌？追随 laid-back chic 的人都是谁？
浮夸的美国总统夫妇其实穿着上是最保守的。
为什么一个品牌活不活得下去，关键在于线下？
人们把「法国风」过于神话了吗？
时尚一定要对社会议题表态么？
嘉宾：
奕方（Yvonne），精品业并购总监，时尚美容专栏作家
相关链接：
1. Yvonne奕方的微博 (https://weibo.com/lifewithyvonne?topnav=1&amp;wvr=6&amp;topsug=1)  
2. Yvonne奕方的微信公众号，lifewithyvonne
3. Yvonne的新书《拎得起》 (https://book.douban.com/subject/27125380/) 
4. 关于巴黎人究竟什么样的一本书《How To Be Parisian Wherever You Are》 (https://book.douban.com/subject/25885949/)
5. 喜欢买优衣库的人大概都知道她 《Parisian Chic》  (https://book.douban.com/subject/6049010/) 
",https://aphid.fireside.fm/d/1437767933/8dd8a56f-9636-415a-8c00-f9ca6778e511/d6055852-ea97-4a61-8b9c-78db0375d8e9.mp3,15
#53 行走丨一场旅行带来的天翻地覆（下）,"在“996”工作方式盛行的中国，听一位创业公司创始人讲她一次旅行给她人生和生活带来的巨大变化，显得特别可贵。
这是这次访谈的下集。嘉宾是豌豆荚/轻芒/光涧的联合创始人崔瑾。她讲述了她在旅行中寻找自我和生活意义的旅程。我们也想听到你记忆深刻的旅行故事。欢迎来信（etwstudio@gmail.com）或者在各种社交媒体(微博，声东击西ETW；微信和instagram，etwstudio)上找到我们。
背景音乐信息
1. Native American Flutes &amp; the sounds of Nature丨Jessita Reyes
2. The Daybreak-The sounds of Yosemite丨Tim Heintz,Charlie Bisharat
 Special Guest: 崔瑾.
",https://aphid.fireside.fm/d/1437767933/8dd8a56f-9636-415a-8c00-f9ca6778e511/5a425abf-d290-4fa9-bee9-db986306b5ba.mp3,16
#52 行走丨一场旅行带来的天翻地覆（上）,"在“996”工作方式盛行的中国，听一位创业公司创始人讲一次旅行给她人生和生活带来的巨大变化，显得特别可贵。
这期节目的嘉宾是豌豆荚/轻芒/光涧的联合创始人崔瑾。她讲述了她在旅行中寻找自我和生活意义的旅程，这次对话也令我非常有启发。
因为最近也在思考相关问题，并看到了一本很好的书。这本书是一位在德国纳粹集中营存活下来的心理医生写的，一并在下面链接中推荐给大家。如果你有想分享的经历，或者有问题问嘉宾，也欢迎来信或在各种社交媒体上告诉我们。
相关信息：
1. 访谈中提到的“七日战争”为口误，应为“赎罪日”战争；
2. 访谈中提到的民族为Druze
3. 应该是约旦国王是贝都因人，不是沙特
4. 大流散博物馆 The Diaspora Museum (https://www.bh.org.il/) 墙上的那句话是：To remember the past, to live the present, to trust the future.
5. Man's Search for Meaning丨Viktor E. Frankl (https://www.amazon.com/gp/product/080701429X/ref=oh_aui_search_detailpage?ie=UTF8&amp;psc=1)
引用背景音乐
1. Psalms 104 sung in ancient Hebrew | ברכי נפשי את ה' - תהלים ק""ד (https://www.youtube.com/watch?v=--UABwqW9Sg)
2. Duo clarinet guitar 丨Yamma Ensemble  יפו - איסטנבול - אנסטרומנטלי - אנסמבל יאמה (https://www.youtube.com/watch?v=2gr7kOo4sXk)
3. 1 Hour of Arabian Music and Middle Eastern Music丨Derek&amp;Brandon Fiechter (https://www.youtube.com/watch?v=kpJIt4_DW6U&amp;t=0s&amp;list=PLK39yGEhUBtFR-IpJsWD4YSnbPbNaoKc3&amp;index=4) 
4. Fire of Your Spirit丨Sarah Liberman (https://www.youtube.com/watch?v=l6LyTE3Cibw) Special Guest: 崔瑾.
",https://aphid.fireside.fm/d/1437767933/8dd8a56f-9636-415a-8c00-f9ca6778e511/8e095d62-3103-499b-a185-23013e6c0db3.mp3,17
#51 城市丨未来的办公空间什么样？,"19世纪末之前，不存在现代意义上的白领阶层。
电话和打字机的出现，把办公室文化从口头文化变成了书写文化。
WeWork和其它共享办公空间的出现，让整个世界变得布鲁克林化。
毫无疑问，如何工作在很大程度上取决于你的工作场所。鉴于人们一生当中大部分时间都要在工作中度过，你不可能不关注这个话题。欢迎来信跟我们聊聊你理想中的办公空间。
相关链接：
1. 《隔间：办公室秘史》(Cubed: A Secret History of the Workplace) (https://book.douban.com/subject/25793382/)
2. 纽约出现的女性合作办公空间The Wing (https://www.the-wing.com/)
3. 广告人创意人热衷的合作办公空间Neue House (http://neuehouse.com/)
4. 纽约时报：The WeWork Manifesto: First, Office Space. Next, the world.  (https://www.nytimes.com/2018/02/17/business/the-wework-manifesto-first-office-space-next-the-world.html)
5. 位于纽约的作家和剧作家使用的合作办公空间Paragraph (http://www.paragraphny.com/) 
",https://aphid.fireside.fm/d/1437767933/8dd8a56f-9636-415a-8c00-f9ca6778e511/ac2dd3ba-c188-4370-9557-838897aa6604.mp3,18
#50 电影丨等了40年，米妮终于拿到了星光大道的星星,"90年以来，米妮先后在超过70部电影中亮相，成为世界范围内影响力最大的动画形象，也终于于上周在洛杉矶的星光大道上有了自己的星星。这个存在了半个世纪之久的著名景点星光大道有哪些奇闻逸事？它对整个好莱坞究竟意味着什么？
希望下一次你有机会到洛杉矶星光大道，能想起我们跟你聊的这些事儿。记得去找找米妮那颗星星，或者你喜欢的其他演员。
相关链接：
1. 星光大道上的第一个华裔影星黄柳霜 (https://zh.wikipedia.org/wiki/%E9%BB%84%E6%9F%B3%E9%9C%9C)
2. 迪士尼每年1月22日的波点日 (https://www.facebook.com/events/142800432544297/)
3. 时尚界从米妮当中获得的灵感 (https://www.instagram.com/minniestyle/)
4. 星光大道上所有艺人的名单 (https://en.wikipedia.org/wiki/List_of_stars_on_the_Hollywood_Walk_of_Fame)
5. 星光大道上的提名程序 (http://www.walkoffame.com/pages/nominations) Special Guest: Allen .
",https://aphid.fireside.fm/d/1437767933/8dd8a56f-9636-415a-8c00-f9ca6778e511/d8f7ab92-0c46-44b7-817c-2c93940759ab.mp3,19
#49 投资丨你真的了解比特币吗？,"人们经常拿比特币和历史上的荷兰的「郁金香热」做比较，这是准确的吗？这期节目请来理财手绘视频忍者ATM (https://weibo.com/u/6256838334?topnav=1&amp;wvr=6&amp;topsug=1)创作者张一帆来分享他对比特币投资的经历和观察，以及年轻人究竟该怎么理财。
相关链接：
1. 忍者ATM (https://weibo.com/u/6256838334?topnav=1&amp;wvr=6&amp;topsug=1)
2. 忍者ATM根据本期节目制作的手绘视频《求求你们别再说比特币是郁金香了》 (http://www.miaopai.com/show/dXggZs0kLBJyC6oxtFWZ4uLtdzIdMtwQ9hspFg__.htm)
3. 关于比特币的一部纪录片《The Rise and the rise of Bitcoin》 (http://www.imdb.com/title/tt2821314/)
4. 关于郁金香热的一部电影《Tulip Fever》 (http://www.imdb.com/title/tt0491203/?ref_=fn_al_tt_1)
5. ETF 投资平台 Vanguard (https://investor.vanguard.com/home/?WT.srch=1&amp;cmpgn=PS:RE)
6. 专门讲述ETF的播客Trillions (https://itunes.apple.com/us/podcast/trillions/id1318276878?mt=2)
7. 占领华尔街之后诞生的没有佣金的股票交易平台Robinhood (https://robinhood.com/)
8. 零钱理财平台 Acorns (https://www.acorns.com/) 
9. 虚拟货币交易平台 Coinbase (https://www.coinbase.com/)
10. 此前可以用比特币购买游戏的平台 Steam (http://store.steampowered.com/) Special Guest: 益康糯米.
",https://aphid.fireside.fm/d/1437767933/8dd8a56f-9636-415a-8c00-f9ca6778e511/8e41bee0-de26-4dec-9845-63fef2db4371.mp3,20
#48 硅谷程序员为什么要掺和政治,"政治总是一个充满争议的话题。为什么在硅谷两耳不闻窗外事的程序员开始关心政治了，在这个过程又会有什么样的思想转变和新发现？这次我们请来了硅谷华人协会的创始人和前会长 Alex（陈志华），以及在硅谷长期报道当地新闻的叶文多，来聊聊对于在美国的普通华人而言，参与政治意味着什么。
嘉宾只代表其个人观点。
相关链接：
SCA5  (https://zh.wikipedia.org/wiki/SCA5)法案，是于2015 年于加州参议院提出的第五号加州宪法修正案，试图让公立大学在录取学生时考虑种族、性别和族群的因素。因为会减少华裔入学率而被华裔所反对。
亚裔细分法案 (https://www.zhihu.com/question/41465633) 该法案要求从2017年7月1日开始，加州公共高等教育系统，医疗系统针对亚裔和原籍亚太平洋岛国居民，额外增加对血统族裔详细情况的等级。
Fisher诉德州大学案 (https://cn.nytimes.com/education-career/20160624/supreme-court-affirmative-action-university-of-texas/zh-hant/) 白人女性Fisher在申请德州大学时被拒，却发现其他种族肤色的学生分数更低却被录取，因此以美国宪法第十四修正案为依据，将学校告上法庭。最高法院最后以4比3没有支持Fisher的主张，认为招生官可以把族裔作为一个考虑因素，但是警告大学并不是所有的平权行动都符合宪法规定。
李孟贤 (https://zh.wikipedia.org/wiki/%E6%9D%8E%E5%AD%9F%E8%B4%A4)，旧金山第43任市长，也是旧金山第一位民选华裔市长，于2017年12月12日去世。
“平权法案”（Affirmative Action）与费雪案：什么是真正的公平
 (https://zhuanlan.zhihu.com/p/21495846)
",https://aphid.fireside.fm/d/1437767933/8dd8a56f-9636-415a-8c00-f9ca6778e511/8a609c1e-dda8-4e22-956f-c805fef703c7.mp3,21
#47 电影丨导演和粉丝，谁才是星球大战的原力？,"星球大战已经像一年一度的贺岁片，成了每年年末的固定期待。1月5日，第八部星球大战《最后的绝地武士》也在中国正式公映。日益老去的X世代和拥抱未来的千禧一代之间可以通过星战衔接吗？这一次我们请来了老朋友，位于洛杉矶的星战粉丝和影评人Allen，和我们聊聊他参加过的两次全球首映礼，以及他为何对星战第八部又爱又怨～
相关链接：
- 对话周黎明：星球大战40年了，这才是真正的粉丝经济 (http://www.etw.fm/star-wars-celebration-fans-economy)
- 和谷大白话聊迪士尼 (http://www.etw.fm/gudabaihua-disney-d23)
- 谷大白话采访的星战八幕后的中国英雄 (https://weibo.com/1788911247/FA3fgh3hk?type=repost)
- Slashfilm 做的星战八导演Rian Johnson的采访 (http://www.slashfilm.com/rian-johnson-last-jedi-spoiler-interview/)
- Kylo Ren演员Adam Driver的另一部影片 While We're Young (https://movie.douban.com/subject/5997157/)
- 星球大战外传《侠盗一号》在线播放 (https://v.qq.com/x/page/q0023bxz52m.html) Special Guest: Allen .
",https://aphid.fireside.fm/d/1437767933/8dd8a56f-9636-415a-8c00-f9ca6778e511/b755ee33-08fd-466d-8e80-61d7fa1c6426.mp3,22
#46 欢迎来到2018,"2017年我们去了很多地方旅行，做了很多报道，看到一些人做过不同寻常的事情或有了一段非凡经历，也听到了更多的谎言和真相。我们尝试用几个关键词回顾我们看到的2017，也给出一份推荐的电影和书的清单，它们总是能在艰难时刻治愈我们。欢迎来到2018。
相关推荐：
- 讲述少女青春期成长经历的电影《伯德小姐》 (https://movie.douban.com/subject/26588314/)
- 讲述《硅谷》男主角 Kumail Nanjiani 自己恋爱经历的电影《大病》（The Big Sick） (https://movie.douban.com/subject/26884892/)
- HBO 美剧《大谎小事》（Big Little Lies） (https://movie.douban.com/subject/25953429/)
- 《汉密尔顿》作者荣·切诺（Ron Chernow）的新书《格兰特》（Grant） (https://www.amazon.com/Grant-Ron-Chernow-ebook/dp/B06W2J89PV/ref=tmm_kin_swatch_0?_encoding=UTF8&amp;qid=1514054347&amp;sr=8-1)
- 讲述癌症传记的社科图书《众病之王：癌症传》 (https://book.douban.com/subject/20507206/)
- 讲述一个热爱国际象棋小正太的成长之旅 Searching for Bobby Fischer（中文被译为《王者之旅》） (https://movie.douban.com/subject/1298591/) 
",https://aphid.fireside.fm/d/1437767933/8dd8a56f-9636-415a-8c00-f9ca6778e511/145fe4d5-5c62-4bb1-91ea-d6b37d2ba66a.mp3,23
#Extra 比特币和ICO的黑幕与风险,"比特币接近2万之后又连续大跌，卖冰茶的long island iced tea Corp昨天改名LongBlockchain Corp之后，股价翻了5倍。上一次看到如此两级的景象大概就是2000年了。这期番外篇继续了上次对于比特币的探讨，你可以听到创业者Charlie揭秘比特币和ICO背后的故事。 
",https://aphid.fireside.fm/d/1437767933/8dd8a56f-9636-415a-8c00-f9ca6778e511/7de6f8e9-500c-4d6f-afe6-794b0cdc69ae.mp3,24
#45 技术丨比特币暴涨，骗局还是未来？,"比特币是过去这几周最热门的话题了。摩根大通CEO杰米·戴蒙认为这是骗局，比郁金香热还糟糕。小牛队老板 Mark Cuban讲，如果你想赔钱就去玩。该如何理解这个诞生了十年之久但依然非常陌生的事物？它究竟改变了什么？我们请来区块链的创业者Charlie聊一聊。
相关信息：
- 在硅谷看懂区块链：亚马逊和Google也会被颠覆吗 (https://36kr.com/p/5069751.html)
- 杰米·戴蒙认为比特币是骗局 (https://www.bloomberg.com/news/articles/2017-09-12/jpmorgan-s-ceo-says-he-d-fire-traders-who-bet-on-fraud-bitcoin)
- 一部关于《郁金香热》（Tulip Fever）的电影 (http://www.imdb.com/title/tt0491203/) 
",https://aphid.fireside.fm/d/1437767933/8dd8a56f-9636-415a-8c00-f9ca6778e511/09224add-99c8-4fc7-95f4-9c75f5c3b04d.mp3,25
#44 城市丨广告牌、天际线和公共空间,"北京城最近开始轰轰烈烈地拆除楼宇招牌。拆除广告牌的事情是北京独有的吗？广告牌对一个城市意味着什么？天际线究竟又是一个什么概念？我们请专业人士来聊一聊。
相关链接和推荐
- 黄璟璐提到的意大利中世纪城镇圣吉米尼亚诺 (https://en.m.wikipedia.org/wiki/San_Gimignano)，以中世纪建筑，尤其是城外数公里就可看见的塔楼闻名
- 在北京正确地安装一块招牌 (https://36kr.com/p/5107350.html?from=singlemessage&amp;isappinstalled=0)
- Life Between Buildings by Jan Gehl (https://www.amazon.com/Life-Between-Buildings-Using-Public/dp/1597268275)
- The Image of the City by Kevin Lynch (https://www.amazon.com/Image-Harvard-MIT-Joint-Center-Studies/dp/0262620014/ref=sr_1_1?s=books&amp;ie=UTF8&amp;qid=1513527267&amp;sr=1-1&amp;keywords=The+Image+of+the+City)
- Good City Form by Kevin Lynch (https://www.amazon.com/Good-City-Form-MIT-Press/dp/0262620464/ref=sr_1_1?s=books&amp;ie=UTF8&amp;qid=1513527318&amp;sr=1-1&amp;keywords=Good+City+Form)
- Learning from Las Vegas by Robert Venturi (https://www.amazon.com/Learning-Las-Vegas-Forgotten-Architectural/dp/026272006X/ref=sr_1_1?s=books&amp;ie=UTF8&amp;qid=1513527342&amp;sr=1-1&amp;keywords=Learning+from+Las+Vegas)
- The Death and Life of Great American Cities by Jane Jacobs (https://www.amazon.com/Death-Life-Great-American-Cities/dp/0679644334/ref=sr_1_2?s=books&amp;ie=UTF8&amp;qid=1513527365&amp;sr=1-2&amp;keywords=The+Death+and+Life+of+Great+American+Cities)
出场嘉宾
黄璟璐，建筑师，在纽约工作，毕业于哥伦比亚大学建筑学院。
姜伯源，建筑师，在纽约工作，试图在物理空间里探寻精神的庇护所。 Special Guest: 黄璟璐.
",https://aphid.fireside.fm/d/1437767933/8dd8a56f-9636-415a-8c00-f9ca6778e511/70b0ad1e-3853-49b3-9f37-9d689e8e7d04.mp3,26
#43 城市丨一群耶鲁毕业生为什么要跑到纽约开餐厅？,"一百多年来，以复杂口味著称的中国餐在漂洋过海来到美国后也变得不那么中国。这种情况正在改变，不断涌现的新派中国餐厅正在开启中餐在美国的另一时代。一群耶鲁大学毕业的年轻人也加入到了这场变革中。他们不单想做出能想起家乡的食物，还想成为全球城市文化的一部分。
出场嘉宾：
- 赵勇，耶鲁大学环境学院博士休学。Junzi Kitchen（君子食堂）联合创始人，CEO
- 柏鸣，耶鲁大学艺术学院平面设计硕士。联合创始人，君子食堂艺术总监
- Lucas Sin，耶鲁大学本科认知心理学毕业，君子食堂厨艺总监
更多了解：
- 2014年的纪录片《寻找左宗棠鸡》 (http://www.thesearchforgeneraltso.com/)
- 张晶: Shake Shack创始人、纽约餐饮大王Danny Meyer的故事 (https://mp.weixin.qq.com/s/TlcBU3Na-j1us2F24a7jcg)
- 美食杂志Lucky Peach的中国城特辑 (https://www.amazon.com/Lucky-Peach-Issue-Peter-Meehan/dp/193807307X)
",https://aphid.fireside.fm/d/1437767933/8dd8a56f-9636-415a-8c00-f9ca6778e511/0fb96f23-f9b9-4952-a538-dccf4c76c1eb.mp3,27
#42 城市丨我们为什么热爱城市？,"这期节目的录制是偶然。和之后发生的一切相比，节目中聊到的美好瞬间略显微弱，但同样可以激起一些思考：我们究竟因为什么选择在一个地方工作和生活？为什么年轻人那么喜爱大城市？为什么在城市中走路这件事这么重要？城市为什么能够放大人的创造力？纽约为什么让人念念不忘？
相关链接：
- 《美国大城市的死与生》 (https://book.douban.com/subject/1326833/)
- 关于《美国大城市的死与生》作者的纪录片《Citizen Jane：Battle for the City》 (https://www.youtube.com/watch?v=Fwf5h3MIdRs)
- Paul Graham的《市井雄心》（Cities and Ambition） (http://www.paulgraham.com/cities.html)
- 哈佛大学教授爱德华·格莱泽的《城市的胜利》 (https://book.douban.com/subject/20373351/)
- 平面艺术家Vahram Muratyan的畅销书《巴黎 v.s. 纽约》 (http://parisvsnyc.blogspot.com)
- 诗人、作家北岛的《城门开》讲述了13年后回到北京，从故乡变成了异乡人 (https://book.douban.com/subject/5269439/)
- 纽约皇后区博物馆的展览《Never Built New York》，讲述那些没有被建造的纽约 (http://www.queensmuseum.org/2016/10/never-built-new-york)
- Monocle出版的城市旅行指南 (https://monocle.com/shop/books/travel-guides/)
- Moviepass (https://www.moviepass.com/)
- 阿西莫夫的有声书 (https://www.audible.com/search?searchAuthor=Isaac+Asimov)
- 旧金山的火灾以及被驱逐者 (http://www.etw.fm/articles/san-francisco-chinatown-history)
 Special Guest: 黄璟璐.
",https://aphid.fireside.fm/d/1437767933/8dd8a56f-9636-415a-8c00-f9ca6778e511/efe15a9a-af08-4209-ba89-36ff79dfca60.mp3,28
#41 文化丨太过遣词造句，就成了美图秀秀【朱宜：在纽约当编剧】,"编剧朱宜在纽约9年，写了十几部长戏，几十部短戏，用英文写作，排中英版本。她的新作《A Deal》(中文名《杂音》)即将于11月15日在纽约外百老汇的Urban Stages上演。这部戏讲述了一对中国夫妇骄傲于他们为女儿提供的自己梦想中的生活，却突然发现女儿变成了危险的陌生人。朱宜在节目中聊了这部戏诞生的背景，为何用非母语写作令她更自由，以及中美在戏剧创作上的差异。位于纽约的听众在微博关注「声东击西ETW」并转发相应微博，有机会得到戏票。
节目中提到的关键信息：
《A Deal》买票地址：http://urbanstages.org/adeal (http://urbanstages.org/adeal) 地址：259 W 30th St, New York, NY
朱宜个人网站 https://www.zhuyizhuyi.com/ 
朱宜创作的在美国演出过的11个短剧作品集：《Alien of Extraordinary Ability》 (https://www.amazon.com/Alien-Extraordinary-Ability-Collected-Short/dp/1511441844/ref=sr_1_1?ie=UTF8&amp;qid=1510292785&amp;sr=8-1&amp;keywords=Alien+of+Extraordinary+Ability+zhu+yi)
《我是月亮》 (https://www.zhuyizhuyi.com/single-post/2017/10/04/I-AM-A-MOON-%E6%88%91%E6%98%AF%E6%9C%88%E4%BA%AE)，国家大剧院（北京）小剧场，2018年1月11日-1月14日 
乌镇戏剧节上的Gob Squad的《西方社会》（Western Society (https://vimeo.com/83678412)）trailer: https://vimeo.com/83678412
朱宜推荐的每年秋天纽约的演出Fall for dance (https://www.nycitycenter.org/About/our-programs/fall-for-dance/) https://www.nycitycenter.org/About/our-programs/fall-for-dance/ 
朱宜推荐的位于布鲁克林Bam的Next Wave Festival (https://www.bam.org/programs/next-wave-festival) https://www.bam.org/programs/next-wave-festival Special Guest: 朱宜.
",https://aphid.fireside.fm/d/1437767933/8dd8a56f-9636-415a-8c00-f9ca6778e511/5852d158-478a-4357-b95c-225b865b4f70.mp3,29
#40 《声东击西》一周年大揭秘,"明天就是美国大选一周年。《声东击西》的第一期也和大选相关，因此也迎来了我们的一周年。这一期我们请听众发言，彼此也进行了「自问自答」。如果你觉得还不过瘾，欢迎来信或在社交媒体上继续向我们提问。
节目中的一些关键信息：
1. “Hidden Brain” by NPR (http://www.npr.org/podcasts/510308/hidden-brain)
2. A16Z Podcast (https://a16z.com/podcasts/)
3. “Decrypted” (https://www.bloomberg.com/podcasts/decrypted)
4. “New Yorker Radio Hour” (https://www.newyorker.com/podcast/the-new-yorker-radio-hour)
5. “Recode Media with Peter Kafka” (https://itunes.apple.com/us/podcast/recode-media-with-peter-kafka/id1080467174?mt=2)
6. “Odd Lots” (https://www.bloomberg.com/podcasts/odd_lots)
7. Julia Louis-Dreyfus得知自己患乳腺癌后的声明 (https://twitter.com/OfficialJLD/status/913452227104202752/photo/1?ref_src=twsrc%5Etfw&amp;ref_url=https%3A%2F%2Fwww.nbcnews.com%2Fpop-culture%2Fpop-culture-news%2Factress-julia-louis-dreyfus-reveals-she-has-breast-cancer-n805556)
8. 《副总统》腾讯视频观看链接 (https://v.qq.com/x/cover/02h84kc25zlho0k/p0015r953m9.html)
9. 《(Seinfeld)为什么不红？》 (http://www.qdaily.com/cooperation/articles/yidian/11359.html)
联络方式：
来信请寄：etwstudio@gmail.com
新浪微博：声东击西ETW (https://weibo.com/etwstudio) 
微信公众号：etwstudio
",https://aphid.fireside.fm/d/1437767933/8dd8a56f-9636-415a-8c00-f9ca6778e511/8d75099c-970c-486f-99a9-b6e4465555ee.mp3,30
#39 商业丨大公司「不作恶」有多难,"这期节目由徐涛在旧金山独立录制完成。请来了「品玩」（Pingwest）、「硅星人」（微信公众号：guixingren123）驻硅谷记者杜晨作为嘉宾，聊了聊你每天早上可能都要买的那杯「星巴克」，究竟会给我们的地球带来怎样的危害。Facebook和Google近来的事情也说明，那些给我们的生活带来无尽便利的大公司，也可能带有潜在的危险。这些大而不倒的技术公司，也渐渐引起一些记者专门写了书，来提醒人们大公司的边界和责任。「不作恶」这件事究竟有多难？
节目中提到的一些关键信息：
1.Pingwest:《每年40亿杯咖啡背后，星巴克正在悄悄谋杀地球》 (http://bit.ly/2z4HwaO)
2.亚马逊：《World Without Mind: The Existential Threat of Big Tech》 (http://amzn.to/2gV8Txg)
3.《连线》：《Author Franklin Foer on controlling the power of big tech》 (http://bit.ly/2yKicaR)
4.彭博：《Facebook and Google Helped Anti-Refugee Campaign in Swing States》 (https://bloom.bg/2xO26No)
反馈请寄：
etwstudio@gmail.com
新浪微博：声东击西ETW (https://weibo.com/etwstudio)
微信公众号：etwstudio
 Special Guest: 杜晨.
",https://aphid.fireside.fm/d/1437767933/8dd8a56f-9636-415a-8c00-f9ca6778e511/f392c980-89eb-4591-8573-e6d06fae4297.mp3,31
#38 文化丨她眼睛是绿色的【银翼杀手2049，职场性骚扰】,"欢迎收听文化土豆和声东击西的Crossover秀。也是声东击西有了自己的网站（www.etw.fm）之后的第一期节目。
这期在泰国海滩上的益康糯米和在曼哈顿公寓里的张晶电话连线，录制了一期会在两边播客同时播放的节目，讨论两个热点话题，一个是不就会在内地上演的Blade Runner 2049，他是科幻电影大师作 Blade Runner 的续集，第二个话题是好莱坞风云人物奥斯卡奖制造机制片人 Harvey Weinstein 的性丑闻事件，原来和 Blade Runner 里的 Replicant Roy 一样，也是一个坠落的天使。不知道他的公司会不会被哪个中国公司收购呢？（如果能找到一个没有潜规则的娱乐公司老板的话。。。）
节目里提到的作品信息：
电影《银翼杀手》（1982）
豆瓣：https://movie.douban.com/subject/1291839/
乐视：http://t.cn/RW74adN
电影《银翼杀手2049》10月27日上映
豆瓣：https://movie.douban.com/subject/10512661/
小说 Do Androids Dream of Electric Sheep，Philip K Dick
亚马逊：http://t.cn/RW72EMM
电影《降临》/ Arrival，也是 Dennis Villeneuve 导演
腾讯视频：http://t.cn/RW723AQ
美剧《高堡奇人》/The man in the high castle
豆瓣：https://movie.douban.com/subject/5320649/
美剧《西部世界》/Westworld
腾讯视频：http://t.cn/RW7Liu2
科幻小说《The Broken Earth》三部曲 by N.K. Jemisin 是节目里没有想起名字的雨果奖连环获奖的作品
豆瓣：https://book.douban.com/subject/26677268/
NYT 最初对 Wesintein 性侵史的第一篇报道：
http://t.cn/ROzA5pk
Ronan Farrow 在《纽约客》杂志里曝光 Weinstein 的长文章：
http://t.cn/ROxxyC8
@谷大白话 翻译的 Lena Headey 坦言遭受 Weinstein 骚扰的经历
http://t.cn/RW72sH9
Intro音乐是Frank Sinatra的Summer Wind，也是《银翼杀手2049》的配乐；Outro音乐是泰国歌手Atom Chanakan的新歌《Karma》
声东击西网站：www.etw.fm
文化土豆网站：www.culturepotato.com
嘉宾：
@益康糯米，
@张晶selina Special Guest: 益康糯米.
",https://aphid.fireside.fm/d/1437767933/8dd8a56f-9636-415a-8c00-f9ca6778e511/bc81a9df-aad0-403d-9b53-2a0b245657b9.mp3,32
#Extra 加州大火丨California is burning,"这是一期特别节目。北加州山火不断蔓延，死亡人数已升至35人，还有数百人失踪。筋疲力尽的救火队员体能已达到了极限。这是加州历史上最大的火灾之一。我们聊了聊那里正在发生什么，以及我们能做什么。
可以做的：
airbnb设立了一个open homes program，附近的一些地方提供一些免费shelter，你在上面既可以注册提供房屋，也可以登记需要住宿。免费时间是到10月30日。
“Northern California Wildfires - Airbnb Open Homes” 
http://bit.ly/2g76zDa 
旧金山的Love on Haight 店铺也会赠送一些免费的衣服，也提供一些避难地点。
“Love On Haight - Anyone effected and evacuated by the… | Facebook”
https://www.facebook.com/LoveonHaight/posts/2015149408556892
也可以捐钱给红十字会。 
1-800 RED CROSS or text REDCROSS to 90999 to make a $10 donation.
当地酒庄的主人Jake Kloberdanz也开始了一个GoFundMe的运动，为这些救援组织募集资金。
“Fundraiser by Jake Kloberdanz: Napa and Sonoma County Fire Relief”
https://www.gofundme.com/napa-sonoma-fires
纳帕河谷社区捐赠
“Fire donation page” http://www.napavalleycf.org/fire-donation-page/
也可以捐给当地的食物中心 
“Napa CA Food Pantries | Napa California Food Pantries, Food Banks, Soup Kitchens”
https://www.foodpantries.org/ci/ca-napa
或者是动物庇护所 “Sonoma Humane Society |”
http://sonomahumane.org/ 
",https://aphid.fireside.fm/d/1437767933/8dd8a56f-9636-415a-8c00-f9ca6778e511/763c4c4b-f41b-4401-80ad-499991afe2d3.mp3,33
#37 文化丨和《权力的游戏》作者乔治·马丁面对面,"好久没更新啦。所以决定献出大招。乔治·马丁还在辛苦的写作第六卷。《权力的游戏》已经更新完了第七季。我到圣达菲探了个班，来跟你分享一下我见到的乔治啊啊马丁和写作那些事儿。
### 节目中提到的关键信息
时尚先生文章：《巨匠与杰作｜乔治·R·R·马丁：《权力的游戏》由我开始，也将由我结束》 (https://mp.weixin.qq.com/s/qL3cvojIXcELH4oLjrEh2g)
《巨匠与杰作》视频clip (https://v.qq.com/x/page/r0567s47328.html)
腾讯视频：《权力的游戏》在线观看 (https://v.qq.com/x/cover/sfn1vjnjkmzedna/t0015ohexi7.html)
",https://aphid.fireside.fm/d/1437767933/8dd8a56f-9636-415a-8c00-f9ca6778e511/9c9da6ed-73fd-4368-ac97-22310b025625.mp3,34
#36 城市丨未来的城市交通，到底有多少种可能性？,"1895年，卢米埃尔兄弟用《火车进站》让火车这个交通工具揭幕影史。从竹蜻蜓到任意门，你对交通工具最大胆的想象是什么？无人驾驶能改变世界吗？汽车公司和硅谷公司，在如何探索出行的可能性？过去一个月我和徐涛分别做了和出行相关的文章，这里和你们分享。
注：
* 关于Brooklyness和未来城市 http://bit.ly/2x8KV5n
* 技术公司及其它机构在为此做什么
1. 谷歌(Alphabet)
正将其自动驾驶汽车项目剥离到一家名为Waymo的新公司，超越研究阶段，准备进入商业化过程。
2. 苹果
其代号为Titan的秘密项目正在收缩。公司为重新启动项目正与迈凯轮和Lit Motors公司进行接触。
3. 奥托立夫
这家世界上最大的安全气囊供应商正在与沃尔沃合资开发自动驾驶汽车。
4. 英特尔
已和Mobileye和宝马合作，在2021年前计划开发出自动驾驶汽车，以及可供给其他公司使用的技术。
5. Mobileye
是激光雷达、以及自动驾驶汽车上使用的相机设备和软件的一家主要制造商。
6. nuTonomy
由麻省理工学院的两位科学家在新加坡创办，在Uber开始在匹兹堡测试其无人驾驶服务之前的几天，已开始提供自动驾驶出租车服务。
7. 美国运输部
发布了联邦政府有关自动驾驶车辆的政策，为汽车制造商制定了指南。提出了汽车之间互相通话的建议规则。
8. 密歇根大学
在运作Mcity，一个隶属于大学交通改造中心、面积约为13万平方米的自动驾驶汽车测试设施。 
",https://aphid.fireside.fm/d/1437767933/8dd8a56f-9636-415a-8c00-f9ca6778e511/c7b51a7b-590e-46d3-9cbd-fea27b78f3c6.mp3,35
#35 商业丨诞生20年的Netflix，究竟如何改变了美国的电视业？,"《绝命毒师》的风靡为何要归功于Netflix? Netflix为何特别善用大数据？Netflix上的一些剧为何总觉得有点不对劲？Netflix一口气放出所有集的模式有什么弊端吗？同是技术公司，Netflix和亚马逊电影发行上有哪些不一样的打法？接下来Netflix上还有哪些好戏可以期待？
张晶，《第一财经周刊》驻纽约代表
Allen，电影记者，自由撰稿人，在洛杉矶工作和生活。联系请寄，donarxin@gmail.com
节目中提到的信息，
《Netflix，从朋友变为敌人》 (https://www.cbnweek.com/articles/magazine/18535) Special Guest: Allen .
",https://aphid.fireside.fm/d/1437767933/8dd8a56f-9636-415a-8c00-f9ca6778e511/c3acfd3c-95df-401e-b240-35131832b0f0.mp3,36
#34 城市丨约会软件能帮你找到另一半吗？,"无论你如何看待约会软件这种形式，越来越多的人开始在上面认识陌生人。这期节目请来两个在纽约工作和生活的中国女孩，分享她们在约会软件上的经历和体会。
* 张晶，《第一财经周刊》驻纽约代表
* 瑞瑞，互联网教育平台职图CareerTu创始人，时尚电商Teelyes.com投资人
* 黄珊，资深数字媒体营销人，职图公司顾问
节目中提到的一些信息
- 《纽约时报》播客：现代情爱 (https://www.nytimes.com/podcasts/modern-love)
- 节目中提到的在线约会应用 Coffee meets Bagel (https://coffeemeetsbagel.com/)、League (http://www.theleague.com/#are-you-in)、Bumble (https://bumble.com/) 
",https://aphid.fireside.fm/d/1437767933/8dd8a56f-9636-415a-8c00-f9ca6778e511/f49ffc1c-b684-4147-8366-0c32562a9c2f.mp3,37
#33 硅谷性别歧视风暴是怎么回事？,"硅谷的性别歧视风波愈演愈烈，并引发了广泛对话。在风险投资领域，以及更广泛的男性主导的技术界，女性究竟面临怎样的挑战？硅谷媒体 The Information 长期关注性别话题，记者张煜南和我们分享了她的观察和看法。
出场人物
张晶，《第一财经周刊》驻纽约代表
张煜南，The Information 驻香港记者，负责中国创投相关报道。可以通过 yunan@theinformation.com 联系到她。
节目中提到的关键信息
""Women in Tech Speak Frankly on Culture of  Sexual Harassment"" (http://nyti.ms/2tv82Hw)
""Silicon Valley Women Tell of VC's Unwanted Advances"" (http://bit.ly/2s4Qyxz)
KPCB和鲍康如（Ellen Pao）事件 (http://bit.ly/2v1Au1T)
鲍康如出版新书《Reset》讲述自己的故事 (http://bit.ly/2wvfILw) 
《向前一步》（Lean In） (http://bit.ly/2jW7D9S)
非营利组织「容纳计划」（Project Include）期待让硅谷技术公司更多元 (http://bit.ly/1SMEAPQ)
""Why is Silicon Valley so Awful to Women?"" (http://theatln.tc/2lWVlTg)  Special Guest: 张煜南.
",https://aphid.fireside.fm/d/1437767933/8dd8a56f-9636-415a-8c00-f9ca6778e511/2e962aa3-2b09-42f5-a9a1-f8e4dab49564.mp3,38
#32 文化丨参加苹果真人秀什么滋味？,"苹果终于坐不住了，在2017年夏天推出了它的第一档真人秀节目《应用星球》（Planet of the Apps）。我们请来成功进击决赛的中国创业者黄宽分享他的体验。
* 张晶，《第一财经周刊》驻纽约代表
* 黄宽，天气和新闻应用 Poncho 创始人，通过《应用星球》成功融资230万美元。
节目中提到的内容：
1. 黄宽自述：「参与苹果新节目《应用星球》的竞争是什么样？」（“What it's really like to be a contestant on Apple's new show, 'Planet of the Apps'”）,  http://bit.ly/2vo0Rji
2. 苹果真人秀节目《Planet of the Apps》链接, http://apple.co/2sZmgwS
3. 《楚门的世界》, http://bit.ly/2vQM0Bh
4. 黄宽的创业公司 Poncho (https://poncho.is/) Special Guest: 黄宽.
",https://aphid.fireside.fm/d/1437767933/8dd8a56f-9636-415a-8c00-f9ca6778e511/a62e9cb9-867f-4b60-9ae6-cfd0f8439148.mp3,39
#31 谷大白话是谁？,"和谷大白话聊天的第三期。月亮的真面目终于要揭晓了。我们聊到了迪士尼、搅动好莱坞的Netflix，BGM和KOL的说法都并非来自英语世界，以及谷大真的不是英语专业的，那他究竟是怎么做到的？ 
节目中提到的一些信息：
谷大白话微博：@谷大白话 (https://weibo.com/ichthy?from=feed&amp;loc=at&amp;nick=%E8%B0%B7%E5%A4%A7%E7%99%BD%E8%AF%9D&amp;is_all=1)
 Special Guest: 谷大白话.
",https://aphid.fireside.fm/d/1437767933/8dd8a56f-9636-415a-8c00-f9ca6778e511/2c9f4504-6b19-40e9-b45f-19fd9dd02345.mp3,40
#30 文化丨和谷大白话聊迪士尼（二）,"题目本想写成「漫威部分我几乎插不上嘴」。这期你可以听到迪士尼旗下（至少）四家公司的历史掌故，不同IP如何巧妙融入《无敌破坏王2》，以及怎么在动画、真人电影、百老汇音乐剧、乐园项目间自如切换。37分处有亮点。
1. 张晶，《第一财经周刊》驻纽约代表 
2. 谷大白话，脱口秀译者 Special Guest: 谷大白话.
",https://aphid.fireside.fm/d/1437767933/8dd8a56f-9636-415a-8c00-f9ca6778e511/27bd255b-9f0c-4acb-944f-a8e9299f940f.mp3,41
#29 文化丨和谷大白话聊迪士尼（一）,"聊天内容太丰富，这里是第一期。你会听到星战和好莱坞最有权力的女性、漫威、20亿美元电影、狮子王，还有无边无尽的迪士尼商业帝国的周边。想了解如今的迪士尼和神秘的谷大白话，就从这期开始听吧。
 * 张晶，《第一财经周刊》驻纽约代表 * 谷大白话，脱口秀译者
节目中提到的人物和内容
*「D23独家丨迪士尼公主吐槽大会&amp;漫威宇宙大乱斗」，http://t.cn/RKmCPGm
* Kathleen Kennedy, 卢卡斯影业总裁，好莱坞最有影响力的制片人
* SDCC，圣地亚哥漫展
* Tsum Tsum，中文译作「松松」，迪士尼旗下衍生品系列名称 Special Guest: 谷大白话.
",https://aphid.fireside.fm/d/1437767933/8dd8a56f-9636-415a-8c00-f9ca6778e511/3ec62b51-b999-4738-9289-8648324fa476.mp3,42
#28 为什么人人都爱有声书？,"《五十度灰》为何换了讲者，从一本被人投诉的书变得畅销？《神奇动物去哪里》如何成为亚马逊去年最受欢迎的有声书？本期嘉宾、来自亚马逊旗下有声书公司Audible的瑞瑞说，有人天生就是阅读者，而有人天生是倾听者。
张晶，《第一财经周刊》驻纽约代表；
瑞瑞，Audible数字营销经理，《美国实习快报》和职图创始人
节目中提到的作品
1. 播客""Startup"", https://itunes.apple.com/us/podcast/startup-2. podcast/id913805339?mt=2
2. 播客""Serial"", https://itunes.apple.com/us/podcast/serial/id917918570?mt=2
3. 小雀斑朗读的《神奇动物去哪里》有声书，https://www.amazon.com/Fantastic-Beasts-Where-Find-Them/dp/B01MRA8TIE/ref=sr11?s=books&amp;ie=UTF8&amp;qid=1499526174&amp;sr=1-1&amp;keywords=fantastic+Beasts+And+Where+To+Find+Them
4. 《五十度灰》有声书，https://www.amazon.com/Fifty-Shades-Grey-Book-Trilogy/dp/B007R07BK8/ref=sr11?ie=UTF8&amp;qid=1499525998&amp;sr=8-1&amp;keywords=audible+50+shades+of+grey+trilogy
5. ""Built to Sell"", https://www.amazon.com/Built-Sell-Creating-Business-Without/dp/1591845823 
6. ""Pitch anything"", http://adbl.co/2yoTivP Special Guest: 瑞瑞.
",https://aphid.fireside.fm/d/1437767933/8dd8a56f-9636-415a-8c00-f9ca6778e511/3c2c3d8c-7671-4c6a-9b5a-9159848d7884.mp3,43
#27 商业丨为什么我们看不到精彩的广告了？,"Droga5前CEO Andrew Essex写了《广告业的终结》，为广告业唱了挽歌。为什么人们看不到好看的广告了？这期邀请到微在创始人张一帆，他为客户定制的原生广告compaign刚在戛纳获奖。也聊了聊他和艺术家龙荻、作家晏礼中制作的新播客《文化土豆》。
*张晶，《第一财经周刊》驻纽约代表    
*张一帆，微在创始人，主持播客《文化土豆》。微博@益康糯米 Special Guest: 益康糯米.
",https://aphid.fireside.fm/d/1437767933/8dd8a56f-9636-415a-8c00-f9ca6778e511/195e433f-7781-4d6b-9855-1c1e93aab769.mp3,44
#26 商业丨关于Uber我们怎么有那么多的话要说,"Uber的事情最后演化为一场信任危机。很长时间，作为挑战者和颠覆者，科技公司声称比传统公司更值信赖，苹果会「非同凡想」，Google说「不作恶」。作为共享经济代表，Uber赢了一城又一城，如今却被职场道德、狼性文化、甚至商业模式是否可持续等重重围剿。它是了解目前硅谷不可回避的样本。 
",https://aphid.fireside.fm/d/1437767933/8dd8a56f-9636-415a-8c00-f9ca6778e511/09b93bb7-42f7-4fc8-8df4-16e3fddfa8fd.mp3,45
#25《硅谷》拍到第四季，你找到一些共鸣了吗？,"这一期我们请来了Mailtime创始人黄何。他对美剧《硅谷》（Silicon Valley）不仅了如指掌，还感同身受，因为按他的说法，那讲的就是它们团队的故事。
节目中提到的一些信息：
腾讯视频：《硅谷》在线观看 (https://v.qq.com/x/cover/ijilh0frmu96sbf/x0017evzp6n.html)
出场人物：
徐涛：36Kr 硅谷内容总监，关注科技创新，也对教育创新感兴趣；
黄河：硅谷创业者，Mailtime创始人。 Special Guest: 黄何.
",https://aphid.fireside.fm/d/1437767933/8dd8a56f-9636-415a-8c00-f9ca6778e511/49d9b1c8-9294-4ab2-9e29-ad93d3d910c5.mp3,46
#24 看戏才是正经事丨2017 托尼奖作品点评,"托尼奖是美国戏剧界一年一度最重要的奖项。
如果说去年托尼奖主打的关键词是「多样化」（diversity，《汉密尔顿》获得了16项提名（最终拿下11个），名副其实的""Hamiltony""。），今年就是「情感」（emotion）。今年托尼颁奖礼于6月11日晚东海岸时间8点在标志性的Radio City Hall举行，由中国人熟悉的演员、《纸牌屋》主演Kevin Spacey主持。他虽然唱得不怎么样，但真心主持得可不错。至于我们热爱的《汉密尔顿》主创Lin Manuel Miranda今年颁奖礼上说，「音乐剧就像是对现实的一种逃避。」徐征说这大概就是她热爱戏剧的原因之一，也因此让很多人执迷于此。她虽然没有扑克牌一样的房本，但有扑克牌一样的Playbill。
节目中提到的list：
《致埃文·汉森》（Dear Evan Hansen） (https://dearevanhansen.com/)
如果想体会一下虚拟和现实如何难分难解，可以看下这部戏（如果还买得到票的话）。2017 托尼音乐剧最佳音乐剧、最佳男主角、最佳词曲、最佳剧本......太多了......
《远道而来》（Come From Away） (http://comefromaway.com/)
9·11当天，一群迫降到加拿大小镇的乘客，与当地居民的相遇又相亲相爱的故事。虽然故事很甜，但看着很燃。2017 托尼音乐剧最佳导演。
《奥斯陆》（Oslo） (https://en.wikipedia.org/wiki/Oslo_(play))
巴以和谈背后的隐情。马上要巡演到伦敦。2017 托尼最佳话剧。
《有伤风化》（Indecent） (http://indecentbroadway.com/)
20世纪初，一群犹太人决定把一部涉及同性恋、「有伤风化」的戏剧带回欧洲演出，却遭遇了二战。2017托尼话剧最佳导演奖。
《大彗星》（Natasha Pierre and the great comet of 1812） (http://greatcometbroadway.com/)
改编自《战争与和平》中的一小部分情节。舞台效果酷炫，还发面包吃。
《你好，多莉！》（Hello Dolly） (http://hellodollyonbroadway.com/)
2017 托尼最佳复排版音乐剧、最佳音乐剧女主角。50年常演不衰。
《土拨鼠日》（Groundhog Day） (https://www.groundhogdaymusical.com/)
被提名没拿奖，但很好看，诚意推荐。问题来了，如果每天醒来都发现生活在同一天，你会做些什么？
出场人物
* 张晶：《第一财经周刊》驻纽约代表。  
* 徐征：驻美媒体人，业余看戏，大概已经看掉了一辆奔驰。 Special Guest: 徐征.
",https://aphid.fireside.fm/d/1437767933/8dd8a56f-9636-415a-8c00-f9ca6778e511/6726cd3c-48bd-4f77-9983-79c235b8f75f.mp3,47
#23 世界那么大，我想去看看丨对话穷游网联合创始人蔡景晖,"这期节目嘉宾是穷游网联合创始人、前Lonely Planet中国代表蔡景晖。我们聊了聊在这个社交媒体的时代，旅行地的神秘感正在消失，人们究竟为什么还要去旅行。对蔡景晖来讲，樱花季挤到日本不是看樱花，而是为了coldplay演唱会。每个人都可以给旅行赋予自己的意义。「旅行即生活。」 
",https://aphid.fireside.fm/d/1437767933/8dd8a56f-9636-415a-8c00-f9ca6778e511/ddef3952-d74f-49e8-a166-76572a10ce12.mp3,48
#22 苹果开发者大会又来了，普通人为什么要关心它？,"1997年，乔布斯第一次回归了苹果全球开发者大会（WWDC），开始让这家公司「不同凡想」（Think different）。2011年，乔布斯最后一次出现在WWDC的舞台上，病入膏肓的虚弱声音和全场雷动对比鲜明。2017年，20年后的WWDC史上最长，信息最密集，还邀请来了米歇尔·奥巴马作为客座演讲者。无论怎么说，这家或许让人爱恨交织的公司还在继续影响和改变我们的生活，也将这个原本业内人关心的会议办成了普通人感兴趣的大Party。 
",https://aphid.fireside.fm/d/1437767933/8dd8a56f-9636-415a-8c00-f9ca6778e511/7c595baf-9ba6-40e0-b32a-81456f3d4173.mp3,49
#21 杰克船长又回来了，还在中国办了首映,"杰克船长又回来了！
2003年6月28日，第一部《加勒比海盗》诞生了，迪士尼第一次在乐园为它进行了首映。13年后，第五部《加勒比海盗：死无对证》首映礼上，一样长长的红毯，一样是两旁疯狂等待签名合照的粉丝，不过地点则是在一年前刚刚建成的上海迪士尼乐园。上海迪士尼乐园也迎来了它的第1000万名游客。 
",https://aphid.fireside.fm/d/1437767933/8dd8a56f-9636-415a-8c00-f9ca6778e511/583fe0fd-35c4-4c0e-989d-aff81ab0b531.mp3,50
#20《汉密尔顿》：美国的爱国主义教育什么样？,"百老汇流传着一句老话：一部音乐剧应该让观众在回家路上哼唱。把这件事儿放到大红大紫的《汉密尔顿》身上，估计对很多人都不是回家路上，简直一听就是快两年了。同样是历史正剧，为什么嘻哈音乐讲述的国父故事格外动听？
节目中的关键信息：
《汉密尔顿》音乐剧官网 (http://www.hamiltonbroadway.com/)
张晶：《汉密尔顿如何成为百老汇上的异类？》 (https://www.cbnweek.com/articles/magazine/12940)
新浪微博微话题主页：#人人都爱汉密尔顿# (https://weibo.com/p/1008081e6e9fac21e4d39e0441ada7e38f007e)
荣·切诺写的《汉密尔顿》传记中文版 (https://book.douban.com/subject/6827362/)
网易云音乐《汉密尔顿》专辑清单 (https://music.163.com/#/playlist?id=122497999)
PBS之前拍的《汉密尔顿》历史纪录片 (https://www.youtube.com/watch?v=yrGi48Kx-As)
PBS拍的《汉密尔顿》百老汇剧幕后制作纪录片的预告片 (https://www.youtube.com/watch?v=_KsTjxKi5JE)
2009年5月12日Lin-Manuel Miranda在白宫演出《汉密尔顿》第一首曲 (https://www.youtube.com/watch?v=WNFf7nMIGnE)，你还可以听到Lin-Manuel Miranda介绍时观众对这个题材不可置信的笑声
联络方式
微信公众号：ETWstudio
新浪微博：声东击西ETW (https://weibo.com/etwstudio)
反馈请寄：etwstudio@gmail.com
登场人物
张晶：《第一财经周刊》驻纽约代表，关注潮流、趋势和一切新奇之事。
徐涛：36氪驻硅谷代表，知乎专栏「文科生在硅谷」。
李蓉慧：《第一财经周刊》驻硅谷记者。 Special Guest: 李蓉慧.
",https://aphid.fireside.fm/d/1437767933/8dd8a56f-9636-415a-8c00-f9ca6778e511/0fcae379-4efa-4f4b-91a3-efab33ffc8b1.mp3,51
#19 城市丨天空之城纽约，天际线正在被彻底改变,"纽约从不缺少摩天楼，但过去3年，建筑的高度和这个城市聚集的财富一样不断攀升，迅速改变着人们熟悉的天际线。这期节目请来在纽约工作的建筑设计师黄璟璐，一起聊聊这个天空之城100年来如何经历了三次「摩天大楼热潮」(Skyscrapers Gone Wild)。
你在节目中会了解到下面这些：
为什么在曼哈顿不仅要为土地付费，也要为天空付费？
新世贸中心为什么不单单是个地产项目？
美国地产历史上最大的建筑项目Hudson Yards中最值得一提的空间是什么？
曼哈顿中城的57街为何又称作「亿万富翁街」（Billionair's Row）？
曼哈顿上目前的最高公寓楼「公园大道432号」，为何会让人想到《2001太空漫游》中的石碑？
那些住在超纤细摩天大楼当中的人真的会觉得安全吗？
《声东击西》微信公众号：ETWstudio，
新浪微博：声东击西ETW，
反馈请寄：etwstudio@gmail.com
相关链接
「新高度，新曼哈顿」: https://www.cbnweek.com/articles/magazine/8478
黄璟璐的个人网站：http://www.jingluhuang.com/
登场人物
张晶：《第一财经周刊》驻纽约代表，关注潮流、趋势和一切新奇之事。
黄璟璐：建筑设计师，毕业于哥伦比亚大学建筑学院，现供职于一家纽约建筑事务所。 Special Guest: 黄璟璐.
",https://aphid.fireside.fm/d/1437767933/8dd8a56f-9636-415a-8c00-f9ca6778e511/c791a6b4-d3aa-4fb9-856a-f055ca290173.mp3,52
#18 对话周黎明丨星球大战 40 年了，这才是真正的粉丝经济,"这一期节目邀请到了影评人周黎明。我们在佛罗里达奥兰多的星战全球粉丝大会的现场，一起聊了聊这个持续了40年之久的美国文化现象。周黎明最早在1980年代初就在中国看过了星球大战第一部《新希望》。他觉得这既是一部粉丝电影，更是一部少年童话。卢卡斯也说过，《星球大战》最初是构思是给12岁的人看的。众多星战形象中，周黎明最喜欢尤达。还想知道更多关于星球大战的故事吗？快来听我们的节目吧。
相关信息
张晶：《星球大战，30多年后还在创造疯狂》 (http://www.yicai.com/news/4612899.html)
周黎明：《大IP是怎样养成的？》 (http://dajia.qq.com/original/24persecond/zlm20170723.html)
登场人物：
周黎明：知名影评人。
张晶：《第一财经周刊》驻纽约代表。 Special Guest: 周黎明.
",https://aphid.fireside.fm/d/1437767933/8dd8a56f-9636-415a-8c00-f9ca6778e511/775cce64-f98e-4b42-a06b-0d2a0c430c95.mp3,53
#17 技术丨人工智能能帮人类做到什么，又做不到什么？,"人类和机器之间的关系比历史上任何时候都更加纠缠不清。每多使用它一天，它就会多了解你一分。
* Elon Musk 说，「如果你不能打败机器人，那不如加入它们的行列。」他最近想做的「神经蕾丝」(neural lace) 其实是一种人造颅内网络，可提供与外部电脑的神经链接。这是人工智能的理想状态吗？
* 比尔·盖茨刚刚提出应该对机器人征税，你觉得合理吗？
* 人工智能可以增加创造力吗？
* 人工智能的算法失控会带来什么糟糕的结果呢？
* 人工智能会超过人类智能吗？
我们试着让你对这些话题产生点兴趣。不管怎么说，人工智能就像是潘多拉的魔盒，打开就关不上了。 
",https://aphid.fireside.fm/d/1437767933/8dd8a56f-9636-415a-8c00-f9ca6778e511/a55968d6-9a70-4aaa-8e9d-8956889206b0.mp3,54
#16 在美国当记者究竟是怎么回事？,"这期节目请来了常驻华盛顿的中国记者兆音。我们聊了聊在DC和纽约当记者的一些不同体验。 
出场人物
* 张晶，《第一财经周刊》驻纽约代表。
* 冯兆音，端传媒驻美国代表。 Special Guest: 冯兆音.
",https://aphid.fireside.fm/d/1437767933/8dd8a56f-9636-415a-8c00-f9ca6778e511/21963ab8-e3d2-4404-9b71-1847af00416e.mp3,55
Bonus: 这个世界对女性更友好了吗？,"韩国教授家人的出镜引发了我们的探讨。关于女性职场、刻板印象和自我争取（时髦的说法叫Lean In），实在有太多故事想分享。
《声东击西》微信公众号：ETWstudio 新浪微博：声东击西ETW
反馈请寄：etwstudio@gmail.com
相关链接
*《Lean In》（向前一步）的作者、Facebook 首席运营官桑德伯格4月要出版她的第二本书，关于丈夫意外身亡之后自己的思考和经历——《Option B：Facing Adversity, Building Resilience, and Finding Joy》
*《最高的玻璃天花板：女性谋求美国总统席位》(The Highest Glass Ceiling: Women’s Quest for the American Presidency) 把性别焦虑放到了历史角度来看待。
*《America's First Daughter: A Novel》
出场人物
张晶：《第一财经周刊》驻纽约代表，关注潮流、趋势和一切新奇之事  
徐涛：前《第一财经周刊》驻硅谷代表，现在 36 氪，正在学习幽默的机器人一枚 
",https://aphid.fireside.fm/d/1437767933/8dd8a56f-9636-415a-8c00-f9ca6778e511/671478d6-9f09-4b2b-8663-cbbcba047989.mp3,56
#15 高司令和拜登都跑来参加，西南偏南为什么让人着迷？,"这是我们第三次去美国得克萨斯州的奥斯汀参加西南偏南，也是第三次从第一天起就开启「累成狗」模式。但为什么这个举办了30年的活动，依然会吸引全世界几十万人来参加，包括我们俩。 
",https://aphid.fireside.fm/d/1437767933/8dd8a56f-9636-415a-8c00-f9ca6778e511/b7e28dc7-4a34-44a5-b5ae-6461efd6507a.mp3,57
#14 你听说过的虚拟现实，到底进展到哪一步了？,"虚拟现实在美国和中国还真是不太一样。被成为「作家中的作家」的乔治·桑德斯今年2月出版了一本新小说《Lincoln in the Bardo: A Novel 》，还为此制作了一个同名虚拟现实短片，墓地中有形形色色的鬼魂。桑德斯今年58岁，几乎他所有的小说都在反乌托邦，都对技术充满恐惧。一个恐惧技术的人，反倒愿意跟崇尚技术的人联手完成这样一次创作，这个世界越发有趣了。不管怎么说，刚刚从游戏开发者大会回来的徐涛觉得，虚拟现实如今基本停留在手机的「大哥大」阶段，距离美好的「智能手机」阶段为时尚远。 
",https://aphid.fireside.fm/d/1437767933/8dd8a56f-9636-415a-8c00-f9ca6778e511/cbd8e453-f347-4b7d-be05-69ce57b0999c.mp3,58
#13 奥斯卡不只是《爱乐之城》,"去年探讨的都还是小金人是黑还是白的问题。今年的奥斯卡看上去不再那么白了。不过，还是觉得比较无聊。唯一诚意推荐《海边的曼彻斯特》。 
",https://aphid.fireside.fm/d/1437767933/8dd8a56f-9636-415a-8c00-f9ca6778e511/e8c85533-cb63-4a79-b829-cc34df3f29dd.mp3,59
#12 春节十天，美国发生了什么？,"有一点是不用怀疑的，华盛顿肯定会继续成为这一年的新闻中心。每一天都有新的剧情更新，实在是难为了5月份要回归的《纸牌屋》。那本经久不息的《1984》如今销量也开始暴涨。 
",https://aphid.fireside.fm/d/1437767933/8dd8a56f-9636-415a-8c00-f9ca6778e511/368f5481-5351-4cce-8e35-38c0c4a55d8b.mp3,60
#11 为什么一夜之间这么多假新闻？,"过去几个月内，很多假新闻被转发了数百万次。它们大多来自欧洲小国马其顿的一个小岛，那些无所事事的年轻人借炮制这些假新闻，每月都能赚到上万美元，也蝴蝶效应一般地可能影响到了世界另一端的政治局面。新闻变得从来没有这样难以分辨。 
",https://aphid.fireside.fm/d/1437767933/8dd8a56f-9636-415a-8c00-f9ca6778e511/fcc36668-1ca2-4209-9a67-e912a2b068cf.mp3,61
#10 作为科技记者我们为何不喜欢CES,"这个被简称为 CES 的拉斯维加斯电子展都已经 50 年了，规模越来越大啦，公司越来越多啦，中国人存在感越来越强啦，所以在这里待上几天，你实在需要很多「原力」（此处有梗），就连会场的无线网络的用户名和密码都分别是 Darth Vader 和 Rogue One，第一个了解星战估计都知道啦，第二个呢，就是最新一部星战的名字，中文译作「侠盗一号」（很好看，此处植入）。如果你真的想感受人山人海，那就来对地方了。作为科技记者们，我们想吐槽的更多。
出场人物：
徐涛
李蓉慧 
",https://aphid.fireside.fm/d/1437767933/8dd8a56f-9636-415a-8c00-f9ca6778e511/8f81aa08-c101-4af3-8d7b-366e8f65dd3a.mp3,62
#9 为什么要说 Happy Holidays,"在一个地方住久了，你可能对一些声音特别敏感，它是城市的标记，也是节日的符号，我们捕捉了一点圣诞之声，也在年末任性地聊了聊。 
",https://aphid.fireside.fm/d/1437767933/8dd8a56f-9636-415a-8c00-f9ca6778e511/247a7e65-719c-4bea-aefc-5401c75c8c30.mp3,63
#3 硅谷大佬们为什么要忍辱吞声,"这次我们聊的这个话题，是名符其实的美西硅谷大佬们被美东的未来总统敲打了一番。恩，蛮声东击西的。 
",https://aphid.fireside.fm/d/1437767933/8dd8a56f-9636-415a-8c00-f9ca6778e511/f52d8547-446c-405a-9d5b-7bd46583e6c3.mp3,64
#8 火人节（下篇）：这真的是一场精神炼狱吗？,"人们参加火人节的理由各不相同。每个人都会在火人节经历一些难忘瞬间，但你「必须去那体验一下」才是这段里程中最关键的一课。Once in a life。火人节就是最佳证明。
出场人物
张晶
李蓉慧
 Special Guest: 李蓉慧.
",https://aphid.fireside.fm/d/1437767933/8dd8a56f-9636-415a-8c00-f9ca6778e511/c164bec3-d718-4464-971e-3e66873ddf05.mp3,65
#7 火人节（上篇）：到沙漠里待上一周是什么感觉？,"「火人节比安迪·沃霍尔的『工厂』更颓废，比1920 年代的柏林更妖娆，比巴斯比·伯克利的音乐剧更荒诞，比《胡椒城》更有爱，比所有海市蜃楼都更令人难以置信。」30年来，参与过的人人人都会经历一些有趣而迷人的瞬间。我们邀请2016年的亲历者讲述她见证的一切。
出场人物
张晶
李蓉慧 Special Guest: 李蓉慧.
",https://aphid.fireside.fm/d/1437767933/8dd8a56f-9636-415a-8c00-f9ca6778e511/90e9713d-7e80-40db-8c93-ce4252fb5609.mp3,66
#1：特朗普都成了《时代》年度人物了，你不想了解下美国政治吗？,"特朗普成了《时代》年度人物。编辑部给出的理由是，「特朗普的所作所为提醒了人们，绝望是煽动的根源，真相与信任一样重要，愤怒和恐惧的崛起可以激发隐藏的选民力量，构建未来政治文化的方式是破坏原有文化。」这看上去勉为其难的一番话大概说明了美国主流媒体的复杂心态。无论怎样，这个世界都无法回避今年最大的一只黑天鹅，特朗普总归会成为「年度关键词」。  
",https://aphid.fireside.fm/d/1437767933/8dd8a56f-9636-415a-8c00-f9ca6778e511/6c303705-2a6a-4aae-8c69-e4c4519d41ca.mp3,67
#6 Airbnb 下篇：并不都是美好，但总归看到了更大的世界,"未来的 Airbnb 能让你的旅行变得更奇妙，它不再仅仅是一张床，而是可以随你选择的各种体验。 Special Guest: 李蓉慧.
",https://aphid.fireside.fm/d/1437767933/8dd8a56f-9636-415a-8c00-f9ca6778e511/eda07194-f4f6-4d7a-9945-648539e34b03.mp3,68
#5 Airbnb 上篇：你不仅能住在别人家，还有人带你玩,"如果你还没听说过Airbnb，那可能真的有点out了。从现在开始你还得重新认识一下它，你不仅可以住上面住到别人家中，还有当地人陪你玩，而且以他们擅长的方式。下一次有时间想旅行不知道去哪儿的时候，可以打开Airbnb看看有没有贴合你胃口的那一款。
出场人物：
张晶
李蓉慧 Special Guest: 李蓉慧.
",https://aphid.fireside.fm/d/1437767933/8dd8a56f-9636-415a-8c00-f9ca6778e511/58217612-3924-4901-9ae2-e3cf43c6130e.mp3,69
#4 商业丨 黄牛再次出动，这次是为了Snapchat的一款墨镜,"这个深秋，中国黄牛出没的地点不是纽约中央公园南侧的苹果旗舰店门口，而是街角另一侧的 Spectacles 实体店前。Spectacles 是那个阅后即焚的设交媒体 Snapchat 新近出的一款智能墨镜。事实上，这家即将明年上市的公司在二级市场上的股票就和它的墨镜一样一票难求，它为什么这么火？ 
",https://aphid.fireside.fm/d/1437767933/8dd8a56f-9636-415a-8c00-f9ca6778e511/8186f75c-8097-4191-8a4a-bea8e3674e7b.mp3,70
#2：要让《纸牌屋》第5季怎么拍呢？,"现实比好莱坞更精彩，这让编剧们为难了。 
",https://aphid.fireside.fm/d/1437767933/8dd8a56f-9636-415a-8c00-f9ca6778e511/aa1ac71a-a603-4b41-8488-cfbfdbbef2f8.mp3,71
